COD;REF;REF. PREMIUM;REF. PARTMO;DESCRIPCION;@Imagen'
23100;152095084R;;;FILTRO ACEITE RENAULT DUSTER 1.3T 22/.. /OROCH/CAPTUR 22/../NISSAN QASHQAI 23/..;23100.jpg
23040;8K0 819439 A;ACP-126K;;FILTRO AIRE ACONDICIONADO AUDI A4 07/16 / A5 08/19 / Q5 10/17  CUK2450;23040.jpg
23041;64 31 9 312 318;ACP-127K;;FILTRO AIRE ACONDICIONADO BMW X-3  11/17  / X4 14/18   CUK19004;23041.jpg
23042;A138107915;ACP-144;;FILTRO AIRE ACONDICIONADO CHERY TIGGO T2 1.5  18/21 / FULWIN  1.5  16/19;23042.jpg
23043;95981206;ACP-028;AP31028 ;FILTRO AIRE ACONDICIONADO CHEVROLET AVEO EMOTION GTI  1.6  10/14;23043.jpg
23044;23939588;ACP-164;;FILTRO AIRE ACONDICIONADO CHEVROLET CAPTIVA 1.5T 20/24 GASOL;23044.jpg
23045;8980084420;ACP-030;;FILTRO AIRE ACONDICIONADO CHEVROLET DMAX 2.4 07/13 GASOL/GREAT WALL HOVER;23045.jpg
23046;23597310;ACP-174;;FILTRO AIRE ACONDICIONADO CHEVROLET N400 1.5  22/24 GASOL;23046.jpg
23047;13356914;ACP-153;;FILTRO AIRE ACONDICIONADO CHEVROLET ONIX 1.0/BLAZER 19/TRAVERSE 18/21/EQUINOX 18/;23047.jpg
23048;8104400XKY28B;ACP-160;;FILTRO AIRE ACONDICIONADO DFSK RICH 6  2.5 18/22 GASOL /GREAT WALL HAVAL H6 1.6;23048.jpg
23049;51979427;ACP-147;;FILTRO AIRE ACONDICIONADO FIAT 500X 16/20/DODGE RAM 1000 1.8 20/22/JEEP RENEGADE;23049.jpg
23050;2S6H16N619AA;ACP-035;;FILTRO AIRE ACONDICIONADO FORD ECOSPORT 2.0  03/17 GASOL  CU2433   LA169;23050.jpg
23051;DG9H-18D483-AA;ACP-154;;FILTRO AIRE ACONDICIONADO FORD EDGE 16/23 / FUSION 2.0  13/20;23051.jpg
23052;CV6Z19N619A;ACP-098;;FILTRO AIRE ACONDICIONADO FORD ESCAPE 12/21 /FOCUS 13/18 /FUSION/VOLVO V40 13/17;23052.jpg
23053;AE9Z-19N619-A;ACP-117K;;FILTRO AIRE ACONDICIONADO FORD EXPLORER 2.3 18/23/3.0 21/..  /3.5 11/18  PA4461;23053.jpg
23054;P1811010094A0;ACP-105;;FILTRO AIRE ACONDICIONADO FOTON TUNLAND 2.8 DIESEL;23054.jpg
23055;8104300-V08;ACP-150;;FILTRO AIRE ACONDICIONADO GREAT WALL HAVAL M4 1.5  14/20;23055.jpg
23056;80292-TF0-G01;ACP-116;;FILTRO AIRE ACONDICIONADO HONDA CR-V 17/24/CIVIC 16/21/HR-V 16/ ODYSSEY  CU21003;23056.jpg
23057;80291-ST3-E01;ACP-077;;FILTRO AIRE ACONDICIONADO HONDA CR-V 2.0 97/01/CIVIC 92/00/NISSAN ALMERA CU2345;23057.jpg
23058;97133-1E000;ACP-046;;FILTRO AIRE ACONDICIONADO HYUNDAI i35 NEW ELANTRA 11/16/ACCENT 18/21/KIA RIO 18/;23058.jpg
23059;97133-3K000;ACP-087;;FILTRO AIRE ACONDICIONADO HYUNDAI SANTA FE 06/10 /SONATA/KIA OPTIMA/MAGENTIS;23059.jpg
23060;97133-1U000;ACP-135;;FILTRO AIRE ACONDICIONADO HYUNDAI SANTA FE 2.2 11/14 DSL/2.4 GSOL/SORENTO 3.3 14/;23060.jpg
23061;68033193AA;ACP-078;;FILTRO AIRE ACONDICIONADO JEEP CHEROKEE 2.8  08/10 DIESEL/ 3.7 02/12 GASOL(2PZS);23061.jpg
23062;97133-2E910;ACP-012;;FILTRO AIRE ACONDICIONADO KIA SORENTO 2.5 05/11 DIESEL / 3.3 08/10 GASOL (2PZS);23062.jpg
23063;BDGF-61-J6X;ACP-165;;FILTRO AIRE ACONDICIONADO MAZDA CX30 2.0/2.5  2021/.. / CX50 2.5  23/..;23063.jpg
23064;7T4Z-19N619-B;ACP-034;;FILTRO AIRE ACONDICIONADO MAZDA CX-9 3.5/3.7 07/16 GASOL/FORD EDGE 07/14;23064.jpg
23065;A2058350047;ACP-159K;;FILTRO AIRE ACONDICIONADO MERCEDES-BENZ C180 15/20/C200/C250/E200/E300/C300/C350;23065.jpg
23066;MR500058;ACP-133;;FILTRO AIRE ACONDICIONADO MITSUBISHI MONTERO 94/16 /NATIVA 08/10 DIESEL;23066.jpg
23067;MR398288;ACP-119;;FILTRO AIRE ACONDICIONADO MITSUBISHI NATIVA 11/16 /MONTERO 17/24 /SPORTERO 08/12;23067.jpg
23068;27891-1FE0A;ACP-111;;FILTRO AIRE ACONDICIONADO NISSAN JUKE 1.6 13/19 / SENTRA 1.6  17/19;23068.jpg
23069;27274-EB700;ACP-016;;FILTRO AIRE ACONDICIONADO NISSAN NAVARA 2.5 08/15  DIESEL (2PZS);23069.jpg
23070;B727A-79925;ACP-112;;FILTRO AIRE ACONDICIONADO NISSAN X-TRAIL 2.2 04/14 DIESEL/MURANO 02/24 /ALTIMA;23070.jpg
23071;6447.VY;ACP-166;;FILTRO AIRE ACONDICIONADO PEUGEOT 2008 18/2 4/208 13/19 /CITROEN C3 20/23 (2PZS);23071.jpg
23072;6447.XF;ACP-156;;FILTRO AIRE ACONDICIONADO PEUGEOT 3008 18/24/5008/CITROEN C4 PICASSO 07/18(2PZS);23072.jpg
23073;9678792080;ACP-146;;FILTRO AIRE ACONDICIONADO PEUGEOT 301 14/21 / CITROEN C-ELYSEE 13/24/ C4 CACTUS;23073.jpg
23074;7700424093;ACP-085;;FILTRO AIRE ACONDICIONADO RENAULT MEGANE 1.6 00/09   CU2424;23074.jpg
23075;CU2240;ACP-066;;FILTRO AIRE ACONDICIONADO RENAULT SCENIC 1.6 99/10 / 2.0  05/07;23075.jpg
23076;CU3454;ACP-101;;FILTRO AIRE ACONDICIONADO RENAULT TRAFFIC II 1.9 02/14 DIESEL  / 2.0 13/15;23076.jpg
23077;CU26010;ACP-131;;FILTRO AIRE ACONDICIONADO SKODA FABIA 1.6 17/18 /RAPID/SEAT IBIZA 20/23 /AUDI A1;23077.jpg
23078;68111-091A0;ACP-021;;FILTRO AIRE ACONDICIONADO SSANGYONG ACTYON 07/19 /KYRON 06/15 (2PZS) 09AP000962;23078.jpg
23079;6811634000;ACP-095;;FILTRO AIRE ACONDICIONADO SSANGYONG KORANDO C 2.0 13/21 GASOL/11/19 DIESEL LA898;23079.jpg
23080;72880-FG000;ACP-155;;FILTRO AIRE ACONDICIONADO SUBARU FORESTER 08/19/IMPREZA 08/16/WRX 15/22/XV 12/17;23080.jpg
23081;95850-61M00;ACP-070;;FILTRO AIRE ACONDICIONADO SUZUKI VITARA 16/23 / S-CROSS 15/24;23081.jpg
23082;87139-YZZ07;ACP-083;;FILTRO AIRE ACONDICIONADO TOYOTA RAV4 2.0 95/06 GASOL/COROLLA 99/08  CU2035;23082.jpg
23083;2E0 819638;ACP-084;;FILTRO AIRE ACONDICIONADO VOLKSWAGEN CRAFTER 08/17/MERCEDEZ BENZ SPRINTER 13/20;23083.jpg
23084;5Q0 819653;ACP-129;;FILTRO AIRE ACONDICIONADO VOLKSWAGEN GOLF 17/20/TIGUAN 18/24/CRAFTER 19/21 /TAOS;23084.jpg
23085;13780-82400;AIP-567;;FILTRO AIRE CHEVROLET SWIFT 1.3 TWINCAM / GTI    CA6377;23085.jpg
23086;F67Z-9601-AA;AIP-534;AP1367;FILTRO AIRE FORD EXPLORER XLT 4.0 96/98 GASOLINA (CONICO);23086.jpg
23087;28113-32510;AIP-581;AP3932 ;FILTRO AIRE HYUNDAI H-1 STAREX 2.4 04/08 GASOL/JAC REFINE 2.4 09/14 (CILINDRICO);23087.jpg
23088;28130-45020;AIP-570;AP45020;FILTRO AIRE HYUNDAI H100 PORTER 2.6  03/09   DIESEL / H200 / H250 / H350;23088.jpg
23089;53004383;AIP-546;AP1323;FILTRO AIRE JEEP CHEROKEE 2.5 97/00 /4.0 87/01 /DODGE RAM 3500  93/00 /VOLVO S40;23089.jpg
23090;28113-2D000;AIP-565;AP3565;FILTRO AIRE KIA CERATO 1.6 05/09 / HYUNDAI ELANTRA 2.0  01/07/ TIBURON 03/09;23090.jpg
23091;CA3602;HCA1138;;FILTRO AIRE MAZDA 626 ASAHI 1988/2000 / 626 LX  85/89    (CILINDRICO);23091.jpg
23092;MB906051;AIP-538;AP3138;FILTRO AIRE MITSUBISHI MONTERO 1.6/1.8 99/01 GASOL/SPACE WAGON 2.0 /GALANT 92/95;23092.jpg
23093;1444.P1;AIP-599;AP3519;FILTRO AIRE PEUGEOT 306 1.8/2.0 93/05 / 405  92/99 / CITROEN XANTIA 2.0 94/01;23093.jpg
23094;13780-81A00;AIP-551;AP31551;FILTRO AIRE SUZUKI JIMNY 1.3  13/19     C2074;23094.jpg
23095;17801-11090;AIP-592;AP31592;FILTRO AIRE TOYOTA COROLLA 1.3  99/03;23095.jpg
23096;17801-15060;AIP-555;AP31555;FILTRO AIRE TOYOTA COROLLA 1.6  87/91    CA6544;23096.jpg
23097;17801-02030;AIP-541;;FILTRO AIRE TOYOTA COROLLA 1.6/1.8  91/03  GASOL;23097.jpg
23098;17801-54180;AIP-536;AP21145;FILTRO AIRE TOYOTA HILUX 3.0  06/11 DIESEL (CILINDRICO);23098.jpg
23099;17801-28010;AIP-627;AP3125;FILTRO AIRE TOYOTA RAV4 2.0/2.4  01/06  GASOLINA / PREVIA 91/97;23099.jpg
